book_title;book_autor;new_price;old_price;book_sale
Основы алгоритмизации и программирования на Python. Учебное пособие;Гуриков Сергей Ростиславович;2943;5350;45
Unity в действии. Мультиплатформенная разработка на C#;Хокинг Джозеф;2070;2654;22
Объекты. Стильное ООП;Нобак Маттиас;2114;2710;22
Kafka Streams и ksqlDB. Данные в реальном времени;Сеймур Митч;2397;3073;22
Алгоритмы на практике. Решение реальных задач;Зингаро Даниэль;2057;2637;22
Современная программная инженерия. ПО в эпоху эджайла и непрерывного развертывания;Фарли Дэвид;2340;3000;22
Внутри Cpython. Гид по интерпретатору Python;Шоу Энтони;1972;2528;22
40 алгоритмов, которые должен знать каждый программист на Python;Ахмад Имран;1951;2501;22
Грокаем функциональное мышление;Норманд Эрик;2552;3272;22
Структуры данных в С++. Учебное пособие;Русакова, Рудаков;448;814;45
Основы Python для Data Science;Берман Кеннеди;2114;2710;22
Фундаментальные основы хакерства. Анализ программ в среде Win64;Касперски, Язев;2919;5307;45
Основы компьютерного моделирования и визуализации + Электронное приложение;Борзяк, Топорков, Емельянов;6183;6183;0
UX/UI дизайн для создания идеального продукта. Полный и исчерпывающий гид;Шуваев Ярослав Александрович;1219;1670;27
Грокаем алгоритмы искусственного интеллекта;Харбанс Ришал;1731;2219;22
Сделай видеоигру один и не свихнись;Грис Слава;669;916;27
Программирование в Unreal Engine 5 для начинающего игродела. Основы визуального языка Blueprint;Максименкова, Веселко;1862;2551;27
C# 10 и .NET 6. Современная кросс-платформенная разработка;Прайс Марк Дж.;4808;6164;22
Computer Science для программиста-самоучки. Все что нужно знать о структурах данных и алгоритмах;Альтхофф Кори;1412;1810;22
Непрерывное развитие API. Правильные решения в изменчивом технологическом ландшафте;Меджуи, Уайлд, Митра;3795;4865;22
Head First. Изучаем Swift;Мэннинг, Баттфилд-Эддисон;2807;3599;22
Kubernetes изнутри;Вьяс, Лав;2303;4187;45
С++ 20 в деталях;Райнер Гримм;2764;5026;45
Математические алгоритмы для программистов. 3D-графика, машинное обучение и моделирование на Python;Орланд Пол;3475;4455;22
Pandas в действии;Пасхавер Борис;2738;3510;22
JavaScript для начинающих;МакГрат Майк;923;1264;27
Интерактивные дашборды и приложения с Plotly и Dash. Используем полноценный веб-фреймворк в Python;Дабасс Элиас;1995;3628;45
Kotlin. Программирование для профессионалов;Скин, Гринхол, Бэйли;2859;3665;22
Тестирование JavaScript;Коста Лукас да;2547;3265;22
Программируем на Java;Лой, Нимайер, Лук;2836;3636;22
Введение в программную инженерию. Учебник;Антипов, Пылькин, Бубнов;2218;4032;45
Создай свой собственный язык программирования. Руководство программиста по разработке компиляторов;Джеффери Клинтон Л.;2379;4326;45
Учимся рисовать на компьютере кодом p5.js;Розанов, Жуков;1536;2793;45
Основы теории интеллектуального управления энергосберегающими режимами. Учебное пособие;Поляков, Иванов;5771;5771;0
Система контроля версий. Основы командной разработки. Учебное пособие;Васильева, Филипченко;5771;5771;0
Разработка программного тренажера в среде многоагентного моделирования NetLogo. Учебное пособие;Исхаков Алмаз Раилевич;4534;4534;0
Эффективное тестирование программного обеспечения;Аниче Маурисио;2764;5026;45
Глубокое обучение на Python;Шолле Франсуа;2823;3619;22
Микропроцессорные системы. Применение микроконтроллеров семейства AVR для управления внешними устр.;Сонькин, Шамин, Сонькин;751;1366;45
Основы визуального программирования в среде Visual Studio на базе C#;Мартыненко, Турупалов, Андриевская;942;1712;45
Пять строк кода. Роберт Мартин рекомендует;Клаусен Кристиан;1701;2181;22
Python. Исчерпывающее руководство;Бизли Дэвид;2240;2872;22
Практикум по анализу данных на языках Python и R. Учебное пособие;Баюк, Исаева, Самсонкин;518;941;45
Знакомство с Python;Бейдер, Эймос, Яблонски;2142;2746;22
Теория и практика программирования на языке Pascal;Расолько, Кремень;11581;21056;45
Искусственный интеллект и компьютерное зрение. Реальные проекты на Python, Keras и TensorFlow;Коул, Ганджу, Казам;3787;4855;22
Грокаем стриминг;Фишер, Ван;1702;2182;22
Высокопроизводительные Python-приложения. Практическое руководство по эффективному программированию;Горелик, Йен;1499;2053;27
Проектирование и разработка интерфейсов пользователя. Учебное пособие. ФГОС СПО;Шитов, Успенский;1454;2644;45
JavaScript. Картинки, галереи, слайдеры. Учебное пособие для вузов;Янцев Валерий Викторович;4122;4122;0
JavaScript. Картинки, галереи, слайдеры. Учебное пособие для СПО;Янцев Валерий Викторович;4122;4122;0
Entity Framework Core в действии;Смит Джон П.;3071;5583;45
API в разработке приложений Autodesk Inventor. Практическое руководство;Дюймовский Пайни;2042;3713;45
Python без проблем. Решаем реальные задачи и пишем полезный код;Зингаро Даниэль;1618;2074;22
Создаем динамические веб-сайты с помощью PHP, MySQL, JavaScript, CSS и HTML5;Никсон Робин;2823;3619;22
Кибердзюцу. Кибербезопасность для современных ниндзя;Маккарти Бен;1844;2364;22
Black Hat Go. Программирование для хакеров и пентестеров;Коттманн, Паттен, Стил;2511;3219;22
Алгоритмы неформально. Инструкция для начинающих питонистов;Брэдфорд Такфилд;1417;1817;22
Разработка интерфейсов. Паттерны проектирования;Тидвелл, Брюэр, Эйнн;2766;3546;22
Компьютерные системы. Архитектура и программирование;Брайант, О`Халларон;3838;6979;45
Социальная инженерия и этичный хакинг на практике;Грей Джо;1536;2793;45
Spring быстро;Спилкэ Лауренциу;2836;3636;22
Kali Linux. Библия пентестера;Хаваджа Гас;4241;5437;22
Теория автоматического управления в примерах и задачах с решениями в MATLAB. Учебное пособие;Гайдук, Пьявченко, Беляев;4888;4888;0
Основы программирования. Учебник для СПО;Шеина Татьяна Юрьевна;2681;2681;0
Scala. Профессиональное программирование;Одерски, Спун, Веннерс;5659;7255;22
Язык программирования С++;Страуструп Бьерн;2516;4575;45
Интернет вещей для начинающих. Визуальное программирование микроконтроллеров семейства ESP8266;Шамин Алексей Алексеевич;751;1366;45
Моделирование систем управления. Учебник для вузов;Семенов, Юрков;4122;4122;0
Исследование операций. Том 2. Задачи транспортного типа. Учебник для вузов;Трушков Александр Сергеевич;4122;4122;0
Python для сетевых инженеров. Автоматизация сети, программирование и DevOps;Чоу Эрик;3815;4891;22
Kafka в действии;Скотт, Гамов, Клейн;2303;4187;45
Python. К вершинам мастерства. Лаконичное и эффективное программирование;Лусиану Рамальо;3838;6979;45
Объяснимые модели искусственного интеллекта на Python. Модель искусственного интеллекта;Мишра Прадипта;1995;3628;45
Проектирование гибких программ;Хансон, Сассман;2303;4187;45
Идеальная работа. Программирование без прикрас;Мартин Роберт С.;1361;1745;22
Криптографические основы блокчейн-технологий;Ищукова, Панасенко, Романенко;1536;2793;45
Web-программирование на Python. Учебное пособие;Янцев Валерий Викторович;3504;3504;0
Web-программирование на Python. СПО;Янцев Валерий Викторович;3504;3504;0
Go. Идиомы и паттерны проектирования;Боднер Джон;2823;3619;22
Python. Чистый код для продолжающих;Свейгарт Эл;2263;2901;22
Как проектировать программы;Фелляйзен, Финдлер, Флэтт;3071;5583;45
Введение в программирование и структуры данных;Фислер, Кришнамурти, Политц;2303;4187;45
Введение в гибридные технологии разработки мобильных приложений. Учебное пособие. СПО;Заяц, Васильев;2318;2318;0
Программирование в САПР. Учебное пособие;Лянг Виктор Федорович;3164;5753;45
Введение в гибридные технологии разработки мобильных приложений. Учебное пособие;Васильев, Заяц;4052;4052;0
SQL. Быстрое погружение;Шилдс Уолтер;1270;1628;22
Spring Boot по-быстрому;Хеклер Марк;2397;3073;22
Параллельное программирование на современном С++;Гримм Райнер;3071;5583;45
Устройство и программирование автономных роботов. Проекты на Python и Raspberry PI;Стейпл Дэнни;1995;3628;45
Практический хакинг интернета вещей;Чанцис, Стаис, Кальдерон;2764;5026;45
Spring в действии;Уоллс Крейг;3071;5583;45
Практическое введение в решение дифференциальных уравнений в Python;Ершов Николай Михайлович;1536;2793;45
Open Source. Разработка программ с открытым исходным кодом;Эгбал Надья;2405;3083;22
Теоретический минимум по Computer Science. Сети, криптография и data science;Феррейра, Пиктет;1503;1927;22
Программирование в Roblox. Сделать игру - проще простого;Брамбо Зандер;1536;2793;45
Алгоритмы. Самый краткий и понятный курс;Луридас Панос;607;832;27
Масштабируемый рефакторинг. Возвращаем контроль над кодом;Лемер Мод;1631;2091;22
Многопоточный JavaScript;Хантер, Инглиш;1995;3628;45
JavaScript. Визуальные редакторы. Учебное пособие для СПО;Янцев Валерий Викторович;2621;2621;0
JavaScript. Визуальные редакторы. Учебное пособие для вузов;Янцев Валерий Викторович;2621;2621;0
Языки программирования и методы трансляции. Учебное пособие для вузов;Свердлов Сергей Залманович;4256;4256;0
Графический анализ на языке R. Учебно-методическое пособие;Лукьянов Павел Борисович;666;1210;45
Head First. Изучаем C#;Стиллмен, Грин;2908;3728;22
Основы алгоритмизации и программирования на Visual C++. Учебное пособие;Гуриков Сергей Ростиславович;2943;5350;45
Дисциплина программирования. Матем.обеспечение ЭВМ;Дейкстра Э.;2232;2861;22
Алгоритмы и программы. Язык С++. Учебное пособие для СП;Конова, Поллак;2298;2298;0
Вероятностное программирование. Учебное пособие;Колбин Вячеслав Викторович;5085;5085;0
Программирование на языке Си. Учебное пособие для вузов;Рацеев Сергей Михайлович;4151;4151;0
Руткиты и буткиты. Обратная разработка вредоносных программ и угрозы следующего поколения;Матросов, Родионов, Братусь;2918;5306;45
Профессиональный бенчмарк. Искусство измерения производительности;Акиньшин Андрей;2836;3636;22
Язык программирования C# 9 и платформа .NET 5: основные принципы и практики программирования;Троелсен, Джепикс;5914;10752;45
Этичный хакинг. Практическое руководство по взлому;Грэм Дэниел Г.;2255;2891;22
Основы построения экономических моделей в Excel. Учебник для СПО;Воскобойников, Мухина;2404;2404;0
Программирование на языке Си.Учебное пособие для СПО;Рацеев Сергей Михайлович;3932;3932;0
JavaScript.Как писать программы.Учебное пособие для вузов;Янцев Валерий Викторович;2842;2842;0
JavaScript.Как писать программы Учебное пособие для СПО;Янцев Валерий Викторович;2842;2842;0
Построение распределенных систем на базе WebSocket. Учебное пособие для вузов;Хабаров, Шилкина;3041;3041;0
Svelte и Sapper в действии;Волкманн Марк;4197;5381;22
Хочу в геймдев! Основы игровой разработки для начинающих;Уточкин, Сахнов;1013;1388;27
Разработка игр и теория развлечений;Костер Рэф;1765;3209;45
Структуры данных в Python. Начальный курс;Шихи Дональд Р.;1382;2513;45
Большая книга проектов Python;Свейгарт Эл;1688;2164;22
System Design. Подготовка к сложному интервью;Сюй Алекс;1404;1800;22
Отзывчивый дизайн на HTML5 и CSS3 для любых устройств;Фрэйн Бен;2268;2908;22
Глубокое обучение с подкреплением. Теория и практика на языке Python;Грессер, Кенг;2540;3256;22
Искусство WebAssembly. Создание безопасных межплатформенных высокопроизводительных приложений;Баттальини Рик;1536;2793;45
Микросервисы Spring в действии;Карнелл, Санчес;2764;5026;45
Осваиваем архитектуру Transformer. Разработка современных моделей с помощью передовых методов;Йылдырым, Асгари-Ченаглу;2303;4187;45
Основы юзабилити-тестирования;Барнум Кэрол М.;2764;5026;45
Творческие проекты с микроконтроллером в среде TinyGo и WebAssembly;Тил Тобиас;1688;3069;45
Программирование на Python. Первые шаги;Щерба Анастасия Владимировна;763;1387;45
Вычисления в кольцах некоммутативных многочленов. Учебное пособие для вузов;Цирулик Владимир Григорьевич;4170;4170;0
Практический анализ двоичных файлов;Эндриесс Дэннис;2610;4746;45
Изучаем C# через разработку игр на Unity;Ферроне Харрисон;1830;2346;22
Основы алгоритмизации и программирования на языке Паскаль. Лабораторный практикум. Учебное пособие;Коренская Ирина Николаевна;1647;1647;0
Исследование операций. Том 1. Линейное программирование. Учебник для вузов;Трушков Александр Сергеевич;3059;3059;0
Как программировать на С;Дейтел, Дейтел;1589;2889;45
Игра в цифры. Как аналитика позволяет видеоиграм жить лучше;Сабиров Василий Константинович;1407;1928;27
Apache Airflow и конвейеры обработки данных;Харенслак, Руйтер;2918;5306;45
Python для всех;Северанс Чарльз Р.;997;1813;45
Практикум по проектированию на языках VerilogHDL и SystemVerilog. Учебное пособие;Мурсаев, Буренева;1406;1406;0
Использование языка Python в теории вероятности. Учебник;Криволапов Сергей Яковлевич;1626;2957;45
Экономика на Python. Учебник;Хрипунова, Губернаторов;1183;2151;45
Black Hat Python. Программирование для хакеров и пентестеров;Зейтц, Арнольд;1688;2164;22
Однострочники Python. Лаконичный и содержательный код;Майер Кристиан;1688;2164;22
Гид Java-разработчика. Проектно-ориентированный подход;Урма, Уорбэртон;819;1122;27
PHP 8. Объекты, шаблоны и методики программирования;Зандстра Мэтт;4436;8066;45
Python и DevOps. Ключ к автоматизации Linux;Гифт, Берман, Деза;2561;3283;22
Прикладное программирование на С/С++: с нуля;Иванов Всеволод Борисович;768;1397;45
Введение в логическое программирование;Дженесерет, Чаудри;1382;2513;45
Параллельное программирование на C# и .NET Core;Шакти Танвар;1612;2930;45
Разработка игр на языке JavaScript. Учебное пособие;Беляев Сергей Алексеевич;717;717;0
Параллельные и высокопроизводительные вычисления;Роби, Замора;3838;6979;45
Исследование операций в экономике. Практикум. Учебное пособие для вузов;Слабнов Виктор Дмитриевич;3932;3932;0
Паттерны разработки на Python. TDD, DDD и событийно-ориентированная архитектура;Персиваль, Грегори;2127;2727;22
WebAssembly в действии;Галлан Жерар;2823;3619;22
Тестирование программного обеспечения;Игнатьев Александр Владимирович;742;742;0
Разработка моделей предметной области автоматизации. Учебник для вузов;Котлинский Сергей Владимирович;4589;4589;0
Разработка моделей предметной области автоматизации. Учебник для СПО;Котлинский Сергей Владимирович;4151;4151;0
Тестирование программного обеспечения. Учебное пособие для СПО;Игнатьев Александр Владимирович;742;742;0
Проектирование человеко-машинного взаимодействия. Учебник для вузов;Игнатьев Александр Владимирович;742;742;0
Программные коллекции данных. Проектирование и реализация. Учебник;Романенко Татьяна Александровна;2404;2404;0
Программные коллекции данных. Проектирование и реализация. Учебное пособие для СПО;Романенко Татьяна Александровна;2404;2404;0
C# 9 и .NET 5. Разработка и оптимизация;Прайс Марк Дж.;3545;4545;22
Функциональное программирование. Учебник;Гордиенко Александр Петрович;1118;2032;45
Clojure на производстве;Гришаев Иван;1536;2793;45
Алгоритмы ГИС;Сяо Нинчуань;1842;3349;45
Изучаем SHINY;Уикем Хэдли;2456;4466;45
Программирование. Учебник;Иванова Галина Сергеевна;1230;2237;45
Анализ поведенческих данных на R и PYTHON;Бюиссон Флоран;2303;4187;45
Оптимизация запросов PostgreSQL;Домбровская, Бейликова, Новиков;1612;2930;45
Разработка беспилотных транспортных средств;Лю, Ли, Тан;1688;3069;45
Сети 6G. Путь от 5G к 6G глазами разработчиков;Тонг, Ахаваин, Чжу;3071;5583;45
Корпоративные информационные системы на базе решения Oracle E-Business Suite. Калькуляция затрат;Васильева, Громова;592;1076;45
Проектирование цифровых образовательных ресурсов;Коннова, Липагина, Постовалова;1109;2016;45
Классические задачи Computer Science на языке Java;Копец Дэвид;1545;1981;22
Информационное моделирование: методолгия использования цифровых моделей. Часть 1;Бачурина Светлана Самуиловна;767;1395;45
Head First. Паттерны проектирования;Фримен, Сьерра, Робсон;2127;2727;22
Web-программирование на JavaScript. Учебное пособие для СПО;Диков Андрей Валентинович;1901;1901;0
Автоматизация рутинных задач с помощью Python;Свейгарт Эл;2958;5378;45
Алгоритмы. Теория и практическое применение;Стивенс Род;1268;1737;27
Апокалипсис криптографии. Подготовка криптографии к квантовым вычислениям;Граймс Роджер А.;1842;3349;45
{Вы пока еще не знаете JS} Познакомьтесь, JavaScript;Симпсон Кайл;1121;1437;22
{Вы пока еще не знаете JS}. Область видимости и замыкания;Симпсон Кайл;1192;1528;22
Паттерны программирования игр;Нистрем Роберт;1499;2053;27
React. Современные шаблоны для разработки приложений;Бэнкс, Порселло;1945;2493;22
Как программировать на С++;Дейтел, Дейтел;1589;2889;45
JavaScript. Обработка событий на примерах. Учебное пособие;Янцев Валерий Викторович;2621;2621;0
ASP.NET CORE в действии;Лок Эндрю;3148;5723;45
Анализируем данные в Microsoft Power BI. Подготовка к экзамену DA-100;Маслюк Даниил;1842;3349;45
Программирование на PHP в примерах и задачах;Васильев Алексей;965;1322;27
Статистический анализ экспериментальных данных в пакетах MathCAD и Excel. Учебное пособие для вузов;Воскобойников Юрий Евгеньевич;3157;3157;0
Инженерные расчеты. Книга-билингва. Учебное пособие;Очков, Орлов, Тихонов;3932;3932;0
Системы искусственного интеллекта. Моделирование нейронных сетей в системе MATLAB. Лабораторный пр.;Романов, Романова;1529;1529;0
JavaScript. Обработка событий на примерах. Учебное пособие для СПО;Янцев Валерий Викторович;2621;2621;0
Компьютерное моделирование автоматизации технологических процессов и производств. Практикум. СПО;Алексеев Владимир Анатольевич;2404;2404;0
Ghidra. Полное руководство;Игл, Нэнс;2918;5306;45
Изучаем WinUI 3.0;Эшкрафт Элвин;1536;2793;45
JavaScript для профессиональных веб-разработчиков;Фрисби Мэтт;3472;4451;22
Осваиваем Ethereum. Создание смарт-контрактов и децентрализованных приложений;Антонопулос, Вуд;2078;2846;27
SQL за 10 минут;Форта Бен;1478;2688;45
Облачные архитектуры. Разработка устойчивых и экономичных облачных приложений;Лащевски, Арора, Фарр;1560;2000;22
Программируем на C# 8.0. Разработка приложений;Гриффитс Иэн;4099;5255;22
C# 9.0. Справочник. Полное описание языка;Албахари Джозеф;5224;9498;45
Изучаем квантовые вычисления на Python и Q#;Кайзер, Гранад;2149;3908;45
Системы автоматического управления: теория, применение, моделирование в MATLAB. Учебное пособие;Ощепков Александр Юрьевич;2780;2780;0
Коды с суммированием для систем технического диагностирования. В 2-х томах;Сапожников, Ефанов, Сапожников;1001;1820;45
Основы тестирования программного обеспечения. Учебное пособие для СПО;Старолетов Сергей Михайлович;2864;2864;0
Гид по Computer Science, расширенное издание;Спрингер Вильям;1185;1519;22
Computer Science. Основы программирования на Java, ООП, алгоритмы и структуры данных;Седжвик, Уэйн;2681;3437;22
Как работают компьютерные сети и интернет;Северанс Чарльз Р.;997;1813;45
Разработка конвейеров машинного обучения. Автоматизация жизненных циклов модели с помощью TensorFlow;Ханнес, Нельсон;1612;2930;45
SQL для хранения, обработки и анализа данных;Туманов, Гайфуллин;600;1090;45
Безопасность веб-приложений. Разведка, защита, нападение;Хоффман Эндрю;2521;3232;22
Распределенные данные. Алгоритмы работы современных систем хранения информации;Петров Алекс;2731;3501;22
Безопасно by Design;Берг, Деоган, Савано;2213;2837;22
Разработка на JavaScript. Построение кроссплатформенных приложений с помощью GraphQL, React;Скотт Адам Д.;2402;3079;22
Пакет прикладных программ. Учебное пособие;Шитов Виктор Николаевич;1848;3360;45
Программирование в САПР. Пространственное моделирование колонного аппарата в среде Autodesk Inventor;Лянг Виктор Федорович;1464;2662;45
Искусство тестирования на проникновение в сеть;Дэвис Ройс;1688;3069;45
Построение пользовательских интерфейсов;Малышев Кирилл Викторович;1688;3069;45
Data Science для карьериста;Нолис, Робинсон;2459;3152;22
Экстремальный Cи. Параллелизм, ООП и продвинутые возможности;Амини Камран;3105;3981;22
Системы искусственного интеллекта. Учебное пособие;Бураков Михаил Владимирович;656;1193;45
Алгоритмы обработки текста. 125 задач с решениями;Крошемор, Лекрок, Риттер;1536;2793;45
Аналитика в Power BI с помощью R и Python;Уэйд Райан;2303;4187;45
Программирование. Введение в профессию. Том 2. Системы и сети;Столяров Андрей Викторович;2610;4746;45
Программирование. Введение в профессию. Том 3. Парадигмы;Столяров Андрей Викторович;2610;4746;45
C#. Алгоритмы и структуры данных. Учебное пособие для вузов;Тюкачев, Хлебостроев;5183;5183;0
Python, например;Лейси Никола;1589;2037;22
Изучаем SQL. Генерация, выборка и обработка данных;Болье Алан;2958;5378;45
Знакомство с программированием на языке Processing;Риас, Фрай;1151;2093;45
Принятие решений и феномен неопределенности. Учебное пособие;Клименко Игорь Семенович;2277;2277;0
C#. Основы программирования (+CD). Учебное пособие для СПО;Тюкачев, Хлебостроев;3345;3345;0
JavaScript для глубокого обучения. TensorFlow.js;Шолле, Нильсон, Байлесчи;3545;4545;22
Введение в язык Си++;Столяров Андрей Викторович;921;1674;45
Оформление программного кода;Столяров Андрей Викторович;767;1395;45
Профессиональное программирование на ассемблере x64 с расширениями AVX, AVX2 и AVX-512;Куссвюрм Даниэль;2764;5026;45
Те же 10 вопросов через 20 лет. Офис и компьютер;Проскурин Сергей Павлович;268;343;22
Программирование. Введение в профессию. Том 1. Азы программирования;Столяров Андрей Викторович;2610;4746;45
Имитационное моделирование процессов и систем в АПК. Учебное пособие;Худякова, Липатов;1932;3512;45
ВОСХОД программиста;Земцов А. Н.;955;1224;22
JavaScript с нуля;Чиннатамби Кирупа;1545;1981;22
Наглядный CSS;Сидельников Грег;1404;1800;22
Основы разработки iOS-приложений на C# с помощью Xamarin. Учебное пособие для вузов;Умрихин Евгений Дмитриевич;3440;3440;0
Основы разработки iOS-приложений на C# с помощью Xamarin.СПО;Умрихин Евгений Дмитриевич;3279;3279;0
Программирование. Сборник задач. Учебное пособие для СПО;Маран, Батасова, Гречкина;2025;2025;0
Математическое программирование.СПО;Ганичева Антонина Валериановна;1864;1864;0
Программирование на ассемблере х64. От начального уровня до профессионального использования AVX64;Йо Ван Гуй;1995;3628;45
Обработка и представление данных в MS Excel. Учебное пособие;Бурнаева, Леора;1352;1352;0
Парадигма программирования. Учебное пособие;Городняя Лидия Васильевна;2628;2628;0
ASP.NET Core 3 с примерами на C# для профессионалов;Фримен Адам;5914;10752;45
Создаем динамические веб-сайты на PHP;Татро, Макинтайр;2325;2981;22
Теория вероятностей и математическая статистика в среде MATLAB. Учебное пособие;Алибеков Игорь Юсупович;2127;2127;0
HTTP/2 в действии;Поллард Барри;2456;4466;45
Методика моделирования динамики октокоптера;Щекатуров Александр Михайлович;1536;2793;45
Байесовская статистика. Star Wars, LEGO, резиновые уточки и многое другое;Курт Уилл;2793;3581;22
Python. Лучшие практики и инструменты;Яворски, Зиаде;2793;3581;22
C# 9.0. Карманный справочник;Албахари, Албахари;1478;2688;45
Обработка естественного языка. Python и spaCy на практике;Васильев Юрий;1554;1992;22
Python для финансовых расчетов;Хилпиш Ив;7392;13440;45
Разработка и анализ компьютерных алгоритмов;Ахо, Ульман, Хопкрофт;2268;4123;45
Научное программирование на Python;Хилл Кристиан;2456;4466;45
C#. Алгоритмы и структуры данных (+CD). СПО;Тюкачев, Хлебостроев;3347;3347;0
C#. Программирование 2D и 3D векторной графики +CD. СПО;Тюкачев, Хлебостроев;2957;2957;0
Алгоритмизация и программирование. Практикум. СПО;Андрианова Анастасия Александровна;2320;2320;0
Организация беспроводных Ad Hoc и Hot Spot сетей в среде ОС Windows;Заяц, Хабаров;2338;2338;0
Построение распределенных систем на базе WebSocket. Учебное пособие;Хабаров, Шилкина;2202;2202;0
Практическое введение в язык программирования Си. СПО;Солдатенко, Попов;1492;1492;0
Проектирование и разработка WEB-приложений. Введение в frontend и backend разработку. СПО;Заяц, Васильев;1921;1921;0
Простой Python для опытных программистов;Гаско Рик;845;1537;45
Профессиональная разработка на Python;Уилкс Мэттью;2918;5306;45
Программируй & типизируй;Ришкуция Влад;2240;2872;22
Основы Python. Научитесь мыслить как программист;Дауни Аллен Б.;1461;2001;27
SimInTech. Преобразователи автономных источников электроэнергии;Калачёв, Александров;1151;2093;45
JavaScript. Готовые программы. Учебное пособие;Янцев Валерий Викторович;1966;1966;0
JavaScript. Готовые программы. СПО;Янцев Валерий Викторович;2025;2025;0
TypeScript быстро;Файн, Моисеев;2495;3199;22
C# 8 и .NET Core. Разработка и оптимизация;Прайс Марк Дж.;3457;4432;22
Разработка базы данных в Access. Учебное пособие;Волик Мария Владимировна;370;672;45
Основы программирования на языке С. Учебное пособие;Гагарина, Дорогова;1848;3360;45
Python. Быстрый старт;Чан Джейми;1077;1381;22
C++ для профи;Лоспинозо Джош;3261;4181;22
Интеллектуальные информационные системы и методы искусственного интеллекта. Учебник;Андрейчиков, Андрейчикова;3519;6398;45
Инструментальные средства разработки программного обеспечения Системы Fossil;Орещенков Игорь Сергеевич;3108;3108;0
Эффективный Java. Тюнинг кода на Java 8, 11 и дальше;Оукс Скотт;3244;4159;22
Python. Сборник упражнений;Стивенсон Бен;1074;1953;45
Совершенный алгоритм. Алгоритмы для NP-трудных задач;Рафгарден Тим;1888;2421;22
Стильный Java. Код, который работает всегда и везде;Фаэлла Марко;2430;3116;22
Внедрение зависимостей на платформе .NET;Симан, Дерсен;3244;4159;22
Карьера программиста;Лакман Макдауэлл Гейл;2127;2727;22
Глубокое обучение. Легкая разработка проектов на Python;Вейдман Сет;2901;3719;22
Паттерны проектирования для C# и платформы .NET Core;Арораа, Чилберто;3347;4291;22
Структуры и алгоритмы обработки данных. Учебник для СПО;Павлов, Первова;1804;1804;0
Численные методы и программирование. Учебное пособие для СПО;Слабнов Виктор Дмитриевич;5063;5063;0
Технология разработки программного обеспечения. Учебное пособие для СПО;Зубкова Татьяна Михайловна;3440;3440;0
Изучаем C++ через программирование игр;Доусон Майкл;1417;1817;22
Совершенный софт. Совершенный софт - совершенная карьера;Леве Джувел;2214;2839;22
Spark в действии. С примерами Java, Python и Scala;Перрен Жан-Жорж;3071;5583;45
Изучаем Power Query. Наглядный подход к подключению и преобразованию данных из множества источников;Фоукс, Спарроу;1536;2793;45
Секреты Python Pro;Хиллард Дейн;2386;3059;22
Программирование на Python в примерах и задачах;Васильев Алексей Николаевич;1165;1596;27
Моделирование и оптимизация процессов управления в технологических системах. Учебник;Колтунов, Крыжановская;1005;1828;45
Квантовые вычисления. Прикладной подход;Хидари Джек Д.;1536;2793;45
JavaScript. Полное руководство;Флэнаган Дэвид;4436;8066;45
Проектирование информационных систем. Методы и средства структурно-функционального проектирования;Гвоздева, Баллод;1640;1640;0
Структуры дан.в C#.Лин.и нелин.динамич.структ.СПО;Симонова Елена Витальевна;1749;1749;0
Проектирование информационных систем. Стандартизация, техническое документирование информ. систем;Гвоздева, Баллод;2154;2154;0
Системы отображения информации. Дискретные индикаторы. Учебник для вузов;Смирнов Виктор Михайлович;3347;3347;0
Инфокоммуникационные системы. Протоколы,интерфейсы. Практикум. СПО;Журавлев Антон Евгеньевич;2816;2816;0
Нечеткое моделирование и управление в технических системах. Учебное пособие для вузов;Кудинов, Пащенко, Пащенко;3041;3041;0
Мультимедийные технологии. Учебник для СПО;Катунин Геннадий Павлович;4589;4589;0
Swift. Основы разработки приложений под iOS, iPadOS и macOS;Усов Василий;1974;2531;22
Система модулей Java;Парлог Николай;2558;3279;22
Игровой движок. Программирование и внутреннее устройство;Грегори Джейсон;5460;7000;22
Принципы юнит-тестирования;Хориков Владимир;1413;1811;22
Простой Python. Современный стиль программирования;Любанович Билл;2043;2619;22
Kotlin. Сборник рецептов. Предметный подход;Коузен Кен;1536;2793;45
Олимпиадное программирование;Лааксонен Антти;1612;2930;45
Алгоритмы и структуры данных. Учебное пособие;Мясникова Нелли Александровна;1118;2032;45
Компьютерная арифметика. Учебное пособие. СПО (+CD);Иорданский Михаил Анатольевич;1525;1525;0
Программирование. Практикум. Учебное пособие;Быкадорова Елена Анатольевна;708;708;0
Системное программное обеспечение информационных мультимедиасистем. Учебное пособие;Иванько, Иванько;980;980;0
Распределенные системы;Таненбаум, Стин;2918;5306;45
Алгебра и геометрия с примерами на Python. Учебное пособие;Борзунов, Кургалин;5873;5873;0
Организация и архитектура ЭВМ. Вычислительные системы. Учебное пособие;Журавлев Антон Евгеньевич;1857;1857;0
Корпоративные информационные системы. Администрирование сетевого домена. Учебное пособие;Журавлев, Макшанов, Тындыкарь;2408;2408;0
Введение в программирование на языке Visual Basic for Applications (VBA). Учебное пособие;Гуриков Сергей Ростиславович;1937;3522;45
Hello World! Программирование для детей и взрослых;Сэнд, Сэнд;1688;3069;45
Методология создания информационных систем. Учебное пособие;Карминский, Черников;1701;3092;45
"Разработка бизнес-приложений на платформе ""1С: Предприятие"". Учебное пособие";Дадян Эдуард Григорьевич;1730;3145;45
Проектирование информационных систем. Учебное пособие. СПО;Вейцман Владимир Моисеевич;3190;3190;0
Создание сайтов на основе WordPress. Учебное пособие для СПО;Сергеев Алексей Николаевич;1255;1255;0
Интеграция управления программой и системной инженерии. Методы, инструменты и организационные систем;Мицуфуджи, Хардинг, Мозер;2303;4187;45
Современный JavaScript для нетерпеливых;Хорстман Кэй С.;1688;3069;45
Инфокоммуникационные системы. Учебник;Журавлев, Макшанов;4220;4220;0
Инфокоммуникационные системы. Учебник;Журавлев, Макшанов, Иванищев;4093;4093;0
Программирование на Rust. Официальный гайд;Клабник, Николс;3416;4379;22
Проектирование информационных систем. Учебное пособие;Коваленко Владимир Васильевич;2380;4328;45
Профессиональный TypeScript. Разработка масштабируемых JavaScript-приложений;Черный Борис;1700;2179;22
Подробное руководство по DAX: бизнес-аналитика с Microsoft Power Bl, SQL Server Analysis Services;Феррари, Руссо;3148;5723;45
Хаос-инжиниринг;Розенталь, Джонс;1536;2793;45
Цифровая обработка сигналов на системном уровне с использованием LabVIEW;Кехтарнаваз, Ким;1382;2513;45
Основы программирования. Учебник с практикумом;Макарова, Нилова, Зеленина;1454;2644;45
Базы данных. Учебник;Кумскова Ирина Александровна;1230;2237;45
Спортивное программирование. Новый нижний предел соревнований по программированию;Халим, Халим;2456;4466;45
Python и наука о данных для чайников;Мюллер, Массарон;2268;4123;45
Криптография - наука о тайнописи. Учебное пособие;Фомичев Владимир Михайлович;370;672;45
Искусство тестирования программ;Сандлер, Майерс, Баджетт;2958;5378;45
Прикладное программирование. Учебное пособие;Никифоров Сергей Николаевич;1071;1071;0
Python для программирования криптовалют;Сонг Джимми;3746;6810;45
Алгоритмы оптимизации;Кохендерфер, Уилер;4436;8066;45
Мифический человеко-месяц, или Как создаются программные системы;Брукс Фредерик;1710;2192;22
Разработка приложений на С++ с использованием Boost. Рецепты, упрощающие разработку вашего приложени;Полухин Антон;1842;3349;45
Введение в язык Pascal. Учебное пособие;Абрамов, Трифонов, Трифонова;1118;2032;45
Разработка и реализац.портальн.решений: Практикум;Лукьянов, Маркова;592;1076;45
Транспортная логистика (линейное программирование). Учебное пособие;Пашков Николай Николаевич;592;1076;45
Генетические алгоритмы на Python;Вирсански Эйял;1995;3628;45
C#. Основы программирования. Учебное пособие;Тюкачев, Хлебостроев;3404;3404;0
Golang для профи. Работа с сетью, многопоточность, структуры данных и машинное обучение с Go;Цукалос Михалис;4427;5676;22
Эффективный TypeScript. 62 способа улучшить код;Вандеркам Дэн;1715;2199;22
Istio. Приступаем к работе;Калькот, Бутчер;1536;2793;45
Проектирование веб-API;Лоре Арно;1842;3349;45
Глубокое обучение с подкреплением. AlphaGo и другие технологии;Лапань Максим;2694;3454;22
Spring Boot 2. Лучшие практики для профессионалов;Гутьеррес Фелипе;2722;3490;22
Эволюционные нейросети на языке Python;Омельяненко Ярослав;1842;3349;45
Алгоритмы обучения с подкреплением на Python;Лонца Андреа;1842;3349;45
Цифровой синтез. Практический курс;Романов, Антонов, Панчул;2149;3908;45
Системное программирование. Лабораторные работы. Учебное пособие;Жулабова Фатима Тахировна;1592;1592;0
Программист-прагматик;Томас, Хант;2958;5378;45
Параллельное программирование на C++ с помощью библиотеки TBB;Восс, Асенхо, Рейндерс;3071;5583;45
Предметно-ориентированное проектирование в Enterprise Java;Наир Виджей;1995;3628;45
Анализ данных при помощи Microsoft Power BI и Power Pivot для Excel;Феррари, Руссо;1612;2930;45
Распределенные системы реального времени. Теория и практика;Эрджиес Кайхан;1842;3349;45
Нативная разработка мобильных приложений. Перекрестный справочник для iOS и Android;Льюис, Данн;1536;2793;45
Паттерны объектно-ориентированного проектирования;Гамма, Хелм, Джонсон;1072;1374;22
Применение пакета Matlab и Simulink для анализа электрических цепей. Том 1. Практикум;Фриск, Ганин, Степанова;1075;1955;45
Управление памятью в .NET для профессионалов;Кокоса Конрад;3148;5723;45
Исследование операций и методы оптимизации. Учебное пособие;Болотский, Кочеткова;722;722;0
Веб-компоненты в действии;Фаррелл Бен;1688;3069;45
Машинное обучение на R: экспертные техники для прогностического анализа;Ланц Бретт;2910;3731;22
Глубокое обучение. Погружение в мир нейронных сетей;Николенко, Кадурин, Архангельская;1554;1992;22
Архитектура компьютерных систем. Курс лекций. Учебное пособие;Белугина Светлана Викторовна;1529;1529;0
Разработка программных модулей программного обеспечения для компьютерных систем;Белугина Светлана Викторовна;2834;2834;0
Основы программирования информационного контента. Учебное пособие;Быкадорова, Синявская;919;919;0
Численные методы. Учебник;Слабнов Виктор Дмитриевич;5589;5589;0
Введение в глубокое обучение;Черняк Евгений;1184;2152;45
Легкий способ выучить Python 3 еще глубже;Шоу Зед А.;880;1206;27
Практикум по численным методам в вычислительных средах matlab и mathcad. Учебное пособие;Бастрон, Охапкина;453;823;45
Программирование на языке Пролог для задач искусственного интеллекта. Введение в логическое программ;Ефимова Елена Анатольевна;554;1008;45
Информационные системы и программирование. Специалист по информационным системам. Выпускная квалифик;Логачев Максим Сергеевич;3231;5874;45
SCALA для нетерпеливых;Хостманн Кей;1382;2513;45
Обучение с подкреплением;Саттон, Барто;3071;5583;45
Рекомендательные системы на практике;Фальк Ким;1536;2793;45
Flutter на практике. Прокачиваем навыки мобильной разработки с помощью открыт. фреймворка от Googlе;Заметти Франк;1995;3628;45
Java Concurrency на практике;Гетц, Блох, Пайерлс;1841;2360;22
C# 8.0. Карманный справочник;Албахари, Албахари;1184;2152;45
Нейронные сети и глубокое обучение. Учебный курс;Аггарвал Чару;4436;8066;45
Разработка веб-приложений с помощью Node.js, MongoDB и Angular. Исчерпывающее руководство;Дейли, Дейли, Дейли;3746;6810;45
Разработка игр на Unity 2018 за 24 часа;Гейг Майк;1772;2427;27
R. Книга рецептов. Проверенные рецепты для статистики, анализа и визуализации;Лонг, Титор;2456;4466;45
Графовые алгоритмы. Практическая реализация на платформах  Apache Spark и Neo4j;Нидхем, Ходлер;1688;3069;45
Функциональное программирование на С++. Как сделать свои программы изящными с помощью технологии фун;Чукич Иван;1995;3628;45
Теория автоматического управления (с использованием MATLAB-SIMULINK). Практикум. Учебное пособие;Пащенко, Кудинов, Келина;2404;2404;0
Python. Непрерывная интеграция и доставка;Ленц Мориц;845;1536;45
Программирование GPU при помощи Python и CUDA. Исследуйте высокопроизводительные параллельные вычисл;Тоуманнен Бриан;1382;2513;45
Изучаем Python. Программирование игр, визуализация данных, веб-приложения;Мэтиз Эрик;1667;2137;22
Изучаем Python. Том 2;Лутц Марк;3746;6810;45
Волшебство Kotlin;Симон Пьер-Ив;1995;3628;45
Методы и алгоритмы решения прикладных задач дискретной оптимизации. Учебное пособие;Карпов, Струченков;615;1118;45
Обработка естественного языка с TensorFlow;Ганегедара Тушан;1842;3349;45
Информационные системы и программирование. Администратор баз данных. Учебник;Логачев Максим Сергеевич;2395;4355;45
Программное обеспечение компьютерных сетей. Учебное пособие;Исаченко Олег Вячеславович;976;1775;45
Моделирование химико-технологических процессов. Принципы применения пакетов компютерн. математики;Гартман, Клушин;4272;4272;0
Клиентские технологии веб-программирования: JavaScript и DOM;Диков Андрей Валентинович;1769;1769;0
Основы глубокого обучения. Создание алгоритмов для искусственного интеллекта следующего поколения;Будума Нихиль;1904;2608;27
Алгоритмы. Вводный курс;Кормен Томас;1478;2688;45
Программирование встроенных систем на С++ 17. Создание универсальных и надежных встроенных решений;Пошевай Майа;1842;3349;45
Глубокое обучение для поисковых систем;Теофили Томмазо;1536;2793;45
Введение в программирование на языке Visual Basic for Applications (VBA). Учебное пособие;Гуриков Сергей Ростиславович;1922;3495;45
HTML и CSS. Разработка и дизайн веб-сайтов;Дакетт Джон;1818;2491;27
Байесовский анализ на Python;Мартин Освальдо;1842;3349;45
Состязательные сети. Проекты;Ахирвар Кайлаш;1382;2513;45
Основы программирования на языке С. Учебное пособие;Дорогов, Дорогова;1486;2702;45
Программирование на языке Си. Учебное пособие;Кузин, Чумакова;1316;2393;45
Разработка мобильных приложений на C# для iOS и Android;Черников Вячеслав;1228;2233;45
C. Полное руководство. Классическое издание;Шилдт Герберт;4436;8066;45
NGINX. Книга рецептов. Продвинутые рецепты высокопроизводительной   балансировки нагрузки;Де Йонге Дерек;1228;2233;45
Как стать хакером;Притяну Эдриан;1536;2793;45
Шаблоны проектирования для облачной среды;Дэвис Корнелия;1995;3628;45
SQL для чайников;Тейлор Аллен Дж.;1775;3227;45
Введение в архитектуру программного обеспечения. Учебное пособие;Гагарина, Федоров, Федоров;2174;3952;45
Глубокое обучение и игра в го;Памперла, Фергюсон;1995;3628;45
Основы объектно-ориентированного программирования на базе языка С#. Учебное пособие;Залогова Любовь Алексеевна;1474;1474;0
Квантовые вычисления для настоящих айтишников;Бернхард Крис;1217;1560;22
1400 задач по программированию;Златопольский Дмитрий Михайлович;613;1115;45
Бессерверные приложения на JavaScipt;Стоянович, Симович;1765;3209;45
Head First. Kotlin;Гриффитс, Гриффитс;3120;4000;22
Программирование в среде Delphi. Создание проектов. Учебное пособие;Саблукова Наталья Геннадьевна;459;459;0
Программирование в среде Delphi. Основные команды. Первые проекты;Саблукова Наталья Геннадьевна;744;744;0
Основы алгоритмизации и программирования на языке Microsoft Visual Basic. Учебное пособие;Гуриков Сергей Ростиславович;3105;5645;45
MATLAB 6.5 SP1/7/7 SP1/7 SP2 + Simulink 5/6. Инструменты искусственного интеллекта и биоинформатики;Дьяконов, Круглов;1367;2486;45
Компьютерный анализ и моделирование электрических цепей переменного тока в среде MATLAB;-;282;513;45
Компьютерный анализ и моделирование электрических цепей переменного тока в среде MATLAB;-;410;745;45
Компьютерный анализ и моделирование электрических цепей постоянного тока в среде MATLAB;-;179;326;45
Компьютерный анализ и моделирование электрических цепей постоянного тока в среде MATLAB;-;410;745;45
Компьютерный анализ четырехполюсников с помощью MATLAB;-;589;1070;45
Компьютерный анализ четырехполюсников с помощью MATLAB;-;245;446;45
Компьютерный спектральный анализ сигналов с помощью MATLAB;-;470;854;45
Компьютерный спектральный анализ сигналов с помощью MATLAB;-;230;419;45
VHDL. Справочное пособие по основам языка;Бабак, Филоненко, Корченко;767;1395;45
Глубокое обучение в биологии и медицине;Рамсундар, Истман, Уолтерс;1074;1953;45
Современный язык Java. Лямбда-выражения, потоки и функциональное программирование;Урма, Фуско, Майкрофт;2294;2941;22
Программирование на языке высокого уровня. Программирование на языке Object Pascal. Учебное пособие;Немцова, Голова, Абрамова;2499;4543;45
Математическое программирование. Учебное пособие;Ржевский Сергей Владимирович;3932;3932;0
Практика нейросетевого моделирования. Учебное пособие;Хливненко, Пятакович;2579;2579;0
Python и анализ данных;Маккини Уэс;2073;3769;45
Алгоритмы эволюционной оптимизации;Саймон Дэн;3071;5583;45
Прикладные задачи оптимизации. Модели, методы, алгоритмы;Струченков Валерий Иванович;663;1206;45
Машинный интеллект. Очерки по теории машинного обучения и искусственного интеллекта;Шумский Сергей Александрович;2262;4113;45
C#. Программирование 2D и 3D векторной графики (+CD);Тюкачев, Хлебостроев;3037;3037;0
Клиентские технологии веб-дизайна. HTML5 и CSS3. Учебное пособие;Диков Андрей Валентинович;2077;2077;0
Технология разработки программного обеспечения. Учебное пособие;Зубкова Татьяна Михайловна;3279;3279;0
Docker на практике;Миллан, Сейерс;2456;4466;45
Swift подробно;Чейрд Инт Вейн;2456;4466;45
Оптимизация программ на C++. Проверенные методы повышения производительности;Гантерот Курт;2958;5378;45
Компьютерное моделирование полупроводниковых систем в MatLab 6.0. Учебное пособие;Герман-Галкин Сергей Германович;309;562;45
Идиомы и паттерны проектирования в современном С++;Пикус Федор Г.;1995;3628;45
Основы тестирования и верификации программного обеспечения;Старолетов Сергей Михайлович;3606;3606;0
Изучаем Python. Том 1;Лутц Марк;3746;6810;45
Рефакторинг кода на JavaScript. Улучшение проекта существующего кода;Фаулер Мартин;4436;8066;45
Язык программирования Python: практикум. Учебное пособие;Жуков Роман Александрович;1464;2662;45
Машинное обучение и безопасность. Защита систем с помощью данных и алгоритмов;Чио, Фримэн;1612;2930;45
Разработка интеллектуальных систем. Введение в технологию машинного обучения;Хултен Джефф;1382;2513;45
Теория вероятностей и математическая статистика в среде MATLAB. Учебное пособие;Алибеков Игорь Юсупович;2008;2008;0
Экстремальное программирование. Разработка через тестирование;Бек Кент;1206;1546;22
Объектно-ориентированное программирование с примерами на C#. Учебное пособие;Хорев Павел Борисович;1737;3159;45
Применение пакета MATLAB для анализа резонансных явлений в электрических цепях. Учебно-мет. пособие;-;282;513;45
Применение пакета MATLAB для анализа резонансных явлений в электрических цепях. Учебно-мет. пособие;-;564;1025;45
Программирование. Сборник задач. Учебное пособие;Архипов, Батасова, Гречкина;2889;2889;0
Python. Книга Рецептов;Бизли, Джонс;2764;5026;45
Глубокое обучение с подкреплением на Python. OpenAI Gym и TensorFlow для профи;Равичандиран Судхарсан;1483;1901;22
Грокаем глубокое обучение;Траск Эндрю;1200;1539;22
Практика реактивного программирования в SPRING 5;Докука, Лозинский;2610;4746;45
Нейросетевые методы в обработке естественного языка;Гольдберг Йоав;2303;4187;45
Предиктивное моделирование на практике;Кун, Джонсон;2731;3501;22
Микросервисы. Паттерны разработки и рефакторинга;Ричардсон Крис;2128;2728;22
Системы счисления, алгоритмизация и программирование. Учебное пособие;Игнашева Елена Петровна;1493;2715;45
Объектно-ориентированное программирование. Учебник;Барков Игорь Александрович;6117;6117;0
Практическое введение в программную инженерию. Учебное пособие;Волк Владимир Константинович;2778;2778;0
Проектирование цифровых устройств на ПЛИС. Учебное пособие;Ушенина Инна Владимировна;2971;2971;0
Введение в технологии контейнеров и Kubernetes;Маркелов Андрей Александрович;1228;2233;45
Логическое проектирование и верификация систем на SystemVerilog;Дональд Томас;1995;3628;45
HTML5 и CSS3 для чайников;Титтел, Минник;1775;3227;45
C# для чайников;Мюллер, Сфер, Семпф;2268;4123;45
Изучаем TypeScript 3;Розенталс Натан;2149;3908;45
Введение в веб-разработку на языке JavaScript. Учебное пособие;Государев Илья Борисович;2240;2240;0
Программирование компьютерной графики;Боресков Алексей Викторович;1612;2930;45
Высокопроизводительный код на платформе .NET;Уотсон Бен;2158;2767;22
Совершенный алгоритм. Графовые алгоритмы и структуры данных;Рафгарден Тим;1416;1815;22
{Вы не знаете JS} Асинхронная обработка и оптимизация;Симпсон Кайл;1323;1696;22
Основы теории вейвлетов. Вейвлеты в Matlab;Смоленцев Николай Константинович;1536;2793;45
Изучаем React;Чиннатамби Кирупа;1407;1928;27
Python для чайников;Мюллер Джон Пол;1775;3227;45
Изучение сложных систем с помощью Python;Дауни Аллен Б.;1153;2096;45
Вероятностное программирование на Python. Байесовский вывод и алгоритмы;Дэвидсон-Пайлон Кэмерон;1925;2468;22
JavaScript для чайников;Минник, Холланд;1478;2688;45
Легкий способ выучить Python 3;Шоу Зед А.;880;1206;27
Jenkins 2. Приступаем к работе. Создайте свой конвейер развертывания для автоматизации следующего п.;Ластер Брент;2918;5306;45
Реактивное программирование на С++. Проектирование параллельных и асинхронных приложений с использов;Пай, Абрахам;1382;2513;45
Изображение квантовых процессов. Начальный курс квантовой теории и рассуждений на диаграммах;Коке, Киссинждер;3456;6283;45
Unreal Engine VR для разработчиков;Маккефри Митч;1219;1670;27
Язык программирования Python. Практикум. Учебное пособие;Жуков Роман Александрович;1442;2621;45
Django 2 в примерах;Меле Антонио;1995;3628;45
Глубокое обучение без математики. Том 1. Основы;Гласснер Эндрю;2610;4746;45
Программирование и основы алгоритмизации.Теоретические основы и примеры реализации численных методов;Затонский, Бильфельд;991;1801;45
Программное обеспечение компьютерных сетей и web-серверов. Учебное пособие;Лисьев, Романов, Аскерко;964;1753;45
Технологии параллельного программирования. Учебное пособие;Лупин, Посыпкин;1043;1896;45
Глубокое обучение и TensorFlow для профессионалов. Математический подход к построению систем;Паттанаяк Сантану;2268;4123;45
Введение в анализ алгоритмов;Солтис Майкл;1382;2513;45
Практикум по решению задач на ЭВМ в среде Delphi. Учебное пособие;Бунаков, Лопатин;1878;3414;45
Анализ вредоносных программ;Монаппа К. А.;2149;3908;45
Java. Библиотека профессионала. Том 1. Основы;Хорстманн Кей С.;3746;6810;45
JavaScript. Карманный справочник;Флэнаган Дэвид;1085;1972;45
Искусство программирования. Том 3. Сортировка и поиск;Кнут Дональд Эрвин;5224;9498;45
Применение UML 2.0 и шаблонов проектирования;Ларман Крэг;5224;9498;45
Численные методы и программирование. Учебное пособие;Колдаев Виктор Дмитриевич;2232;4059;45
Микросервисы и контейнеры Docker;Кочер Парминдер Сингх;1536;2793;45
Биометрическая защита. Обзор технологии;Суомалайнен Антти;229;417;45
Легкий способ выучить Java;Пейн Брайсон;1062;1455;27
Программирование в Erlang;Томпсон, Чезарини;1536;2793;45
Искусство программирования. Том 2. Получисленные алгоритмы;Кнут Дональд Эрвин;4436;8066;45
Искусственный интеллект для чайников;Мюллер, Массарон;1478;2688;45
Современные технологии программирования. Разработка Windows-приложений на языке С#. Учебник. Том 2;Горелов Сергей Витальевич;961;1748;45
Компьютерное зрение. Теория и алгоритмы;Клетте Рейнхард;3225;5863;45
Java. Оптимизация программ. Практические методы повышения производительности приложений в JVM;Эванс, Гоф, Ньюланд;3746;6810;45
Искусство программирования на R. Погружение в большие данные;Мэтлофф Норман;1497;1919;22
Базовые средства программирования на Visual Basic в среде VisualStudio Net. Практикум. Учебное пособ;Шакин Виктор Николаевич;1996;3629;45
Алгоритмизация и программирование. Практикум. Учебное пособие;Андрианова, Исмагилов, Мухтарова;2382;2382;0
Структуры и алгоритмы обработки данных. Линейные структуры. Учебное пособие;Апанасевич Сергей Александрович;1857;1857;0
Самоучитель игры на Паскале. ABC и немного Турбо;Комлев Николай Юрьевич;814;1480;45
Создание веб-сайта для чайников;Кроудер Дэвид;789;1435;45
Алгоритмические трюки для программистов;Уоррен Генри С.;2958;5378;45
Unity и C#. Геймдев от идеи до реализации;Бонд Джереми Гибсон;3226;4136;22
PostgreSQL 11. Мастерство разработки;Шениг Ганс-Юрген;2073;3769;45
Разработка АСУТП в среде WinCC. Учебное пособие;Иванов, Чье;1442;2621;45
Автоматизация программируемых сетей;Эделман, Лоу, Осуолт;2303;4187;45
"Разработка бизнес-приложений на платформе ""1С:Предприятие"". Учебное пособие";Дадян Эдуард Григорьевич;1671;3038;45
Базовые средства программирования на Visual Basic в среде VisualStudio .NET. Учебное пособие;Шакин Виктор Николаевич;1878;3414;45
Прикладная обработка биомедицинских изображений в среде MATLAB. Учебное пособие;Федотов Александр Александрович;919;919;0
Изучаем HTML, XHTML и CSS;Робсон, Фримен;2745;3519;22
Изучаем pandas;Хейдт, Груздев;2918;5306;45
Умные мобильные проекты с TensorFlow;Танг Джефф;1536;2793;45
Алгоритмы на Java;Седжвик, Уэйн;5914;10752;45
C++. Полное руководство. Классическое издание;Шилдт Герберт;4436;8066;45
Искусственный интеллект с примерами на Python. Создание приложений искусственного интеллекта;Джоши Пратик;2958;5378;45
Основы машинного обучения для аналитического прогнозирования. Алгоритмы, рабочие примеры;Келлехер, Мак-Нейми, д`Арси;3746;6810;45
Разработка SCADA-систем. Учебное пособие;Кангин, Кангин, Ямолдинов;1582;2877;45
Язык и среда программирования R. Учебное пособие;Золотарюк Анатолий Васильевич;917;1667;45
Прагматичный ИИ. Машинное обучение и облачные технологии;Гифт Ной;1705;2186;22
Внедрение Splunk 7;Миллер Джеймс;1995;3628;45
Java за 24 часа;Кейденхед Роджерс;1478;2688;45
Совершенный алгоритм. Основы;Рафгарден Тим;1349;1730;22
Машинное обучение и TensorFlow;Шакла Нишант;1639;2101;22
Современные технологии программирования: разработка Windows-приложений на языке С#. Том 1;Горелов Сергей Витальевич;813;1479;45
Mathematica 5/6/7. Полное руководство;Дьяконов Владимир Павлович;1382;2513;45
Git для профессионального программиста;Чакон, Страуб;1558;1998;22
Простой Python просто с нуля;Гаско Рик;893;1624;45
C++. Базовый курс;Шилдт Герберт;2958;5378;45
Моделирование объектов управления в MatLab. Учебное пособие;Затонский, Тугашова;1855;1855;0
Основы алгоритмизации и программирования (ОП.04). Практикум;Серкова Екатерина Геннадьевна;463;593;22
Программирование на C# для начинающих. Особенности языка;Васильев Александр Николаевич;1117;1530;27
Компиляторы. Принципы, технологии и инструментарий;Ахо, Ульман, Лам;7392;13440;45
Архитектура вычислительных систем и Ассемблер;Гагарина, Кононова;845;1537;45
Delphi. Программирование в примерах и задачах. Практикум: Учебное пособие;Милорадов, Эйдлина;924;1680;45
Java. Эффективное программирование;Блох Джошуа;3746;6810;45
Создаем динамические веб-сайты с помощью PHP, MySQL, JavaScript, CSS и HTML5;Никсон Робин;2766;3546;22
Kubernetes в действии;Лукша Марко;2456;4466;45
Смарт-карты и информационная безопасность;Мытник, Панасенко;1536;2793;45
Эффективный и современный С++. 42 рекомендации по использованию C++11 и C++14;Мейерс Скотт;2958;5378;45
Изучаем регулярные выражения;Форта Бен;1184;2152;45
Пользовательские истории. Гибкая разработка программного обеспечения;Кон Майк;2958;5378;45
Python. Экспресс-курс;Седер Наоми;2057;2637;22
Архитектура компьютера;Таненбаум, Остин;2268;2908;22
Java. Руководство для начинающих;Шилдт Герберт;3746;6810;45
Алгоритмы. Построение и анализ;Кормен, Лейзерсон, Ривест;8872;16130;45
Изучай Erlang во имя добра!;Хеберт Фред;2149;3908;45
Программируй на Haskell;Курт Уилл;2456;4466;45
"Конфигурирование и моделирование в системе ""1С: Предприятие"". Учебник";Дадян Эдуард Григорьевич;2351;4274;45
Алгоритмы на C++;Седжвик Роберт;5914;10752;45
Python. Справочник. Полное описание языка;Мартелли, Рейвенскрофт, Холден;3746;6810;45
Теоретический минимум по Big Data. Всё что нужно знать о больших данных;Ын, Су;979;1255;22
Основы программирования на языке Python;Златопольский Дмитрий Михайлович;921;1674;45
Методы научных исследований в программной инженерии;Пантелеев Евгений Рафаилович;1282;1282;0
Структуры данных в C#. Линейные и нелинейные динамические структуры. Учебное пособие;Симонова Елена Витальевна;1672;1672;0
Программируем на Python;Доусон Майкл;1372;1759;22
HTML5. Карманный справочник;Роббинс Дженнифер;1184;2152;45
Искусство программирования. Том 4А. Комбинаторные алгоритмы. Часть 1;Кнут Дональд Эрвин;5914;10752;45
Практика программирования;Керниган, Пайк;2268;4123;45
Введение в системы баз данных;Дейт К. Дж.;5914;10752;45
Эволюционная архитектура. Поддержка непрерывных изменений;Форд, Парсонс, Куа;1270;1628;22
Unity в действии. Мультиплатформенная разработка на C#;Хокинг Джозеф;1488;1908;22
Решение задач на современном C++;Бансила Мариус;1688;3069;45
Философия Java;Эккель Брюс;3432;4400;22
Python для сложных задач. Наука о данных и машинное обучение;Плас Дж. Вандер;1985;2545;22
Разработка программных приложений в среде BlackBox. Учебное пособие;Болотнов Анатолий Миронович;1660;1660;0
Технологии интеллектуального анализа данных. Учебное пособие;Макшанов, Журавлев;2187;2187;0
Практическое введение в язык программирования Си. Учебное пособие;Солдатенко, Попов;1618;1618;0
Осваиваем C++17 STL. Используйте компоненты стандартной библиотеки в C++17 STL в полной мере;О`Двайр Артур;1842;3349;45
Язык программирования C;Керниган, Ритчи;1775;3227;45
Построение систем машинного обучения на языке Python;Коэльо, Ричарт;1074;1953;45
C# для профессионалов. Тонкости программирования;Скит Джон;4436;8066;45
Python. Карманный справочник;Лутц Марк;1184;2152;45
Искусство программирования. Том 1. Основные алгоритмы;Кнут Дональд Эрвин;5224;9498;45
Шаблоны интеграции корпоративных приложений. Проектирование, создание и развертывание решений;Хоп, Вульф;5224;9498;45
Язык программирования C. Лекции и упражнения;Прата Стивен;5224;9498;45
C# 4.0. Полное руководство;Шилдт Герберт;3746;6810;45
Реализация методов предметно-ориентированного проектирования;Вернон Вон;4436;8066;45
Веб-программирование для чайников;Никхил Абрахам;1775;3227;45
Язык программирования Go;Керниган, Донован;2268;4123;45
Angular. Сборник рецептов;Фрисби Мэтт;1478;2688;45
Java. Полное руководство;Шилдт Герберт;5421;9856;45
Компиляторы. Краткий справочник;Хантер Робин;887;1613;45
Структуры данных и алгоритмы;Ахо, Ульман, Хопкрофт;2958;5378;45
Шаблоны C++. Справочник разработчика;Вандевурд, Джосаттис, Грегор;3746;6810;45
Java Persistence API и Hibernate;Бауэр, Кинг, Грегори;1688;3069;45
Байесовские модели. Байесовская статистика на языке Python;Дауни Аллен Б.;1074;1953;45
CLR via C#. Программирование на платформе Microsoft .NET Framework 4.5 на языке C#. 4-е издание;Рихтер Джеффри;2637;3381;22
Грокаем алгоритмы. Иллюстрированное пособие для программистов и любопытствующих;Бхаргава Адитья;1030;1320;22
Ядро ORACLE. Внутреннее устройство для администраторо и разработчиков баз данных;Льюис Джонатан;1459;2652;45
Идеальный программист. Как стать профессионалом разработки ПО;Мартин Роберт С.;821;1053;22
Apache Kafka. Потоковая обработка и анализ данных;Нархид, Шапира, Палино;1738;2228;22
Site Reliability Engineering. Надежность и безотказность как в Google;Бейер, Джоунс, Петофф;2377;3047;22
Akka в действии;Рестенбург, Баккер, Уильямс;2149;3908;45
Искусство создания сценариев в Unity;Торн Алан;1228;2233;45
Основы работы с технологией CUDA;Боресков, Харламов;613;1115;45
WebGL. Программирование трехмерной графики;Мацуда, Ли;1842;3349;45
Чистый Python. Тонкости программирования для профи;Бейдер Дэн;1548;1985;22
Введение в распределенное моделирование в среде NetLogo;Ершов Николай Михайлович;1382;2513;45
Искусственный интеллект .NET. Речь, язык и поиск;Патак, Бхандари;1228;2233;45
Элегантный SciPy;Нуньес-Иглесиас, Ван, Дэншоу;1919;3489;45
Стандартная библиотека Python 3. Справочник с примерами;Хеллман Даг;5421;9856;45
Язык декларативного программирования XAML;Подбельский Вадим Валерьевич;1151;2093;45
Математика на Python. Часть 1. Элементы линейной алгебры;Александрова, Балджы, Хрипунова;296;538;45
Облачные технологии поддержки решения задач анализа безубыточности. Монография;Смирнов Денис Евгеньевич;518;941;45
Вскрытие покажет! Практический анализ вредоносного ПО;Сикорски, Хониг;2625;3365;22
Программист-фанатик;Фаулер Чед;749;960;22
C# 7 и .NET Core. Кросс-платформенная разработка для профессионалов;Прайс Марк Дж.;2209;2832;22
Компьютерные вирусы и антивирусы: взгляд программиста;Климентьев Константин Евгеньевич;1228;2233;45
Прикладное программирование. Учебное пособие;Никифоров Сергей Николаевич;1432;1432;0
Программирование на C# для начинающих. Основные сведения;Васильев Алексей Николаевич;1124;1540;27
Алгоритмы для чайников;Массарон, Мюллер;1775;3227;45
Хакинг. Искусство эксплойта;Эриксон Джон;1974;2531;22
Глубокое обучение на Python;Шолле Франсуа;1758;2254;22
С для программистов с введением в С11;Дейтел, Дейтел;1612;2930;45
Параллельное и конкурентное программирование на Haskell;Марлоу Саймон;1228;2233;45
Практическое использование Common Lisp;Сайбель Питер;1842;3349;45
Сбор данных в Интернете на языке R;Храмов Дмитрий Александрович;997;1813;45
Программирование микроконтроллеров. Стратегия и тактика;Матюшин Андрей Олегович;1688;3069;45
Программирование и отладка С/С++ приложений для микроконтроллеров ARM;Магда Юрий Степанович;691;1256;45
Эффективное использование С++. 55 верных способов улучшить структуру и код ваших программ;Мэйерс Скотт;1074;1953;45
Assembler. Для DOS, Windows и Unix;Зубков Сергей Владимирович;1536;2793;45
Лямбда-выражения в Java 8. Функциональное программирование - в массы;Уорбэртон Ричард;921;1674;45
Системная инженерия. Принципы и практика;Косяков, Свит, Сеймур;2149;3908;45
Интерфейс. Основы проектирования взаимодействия;Купер, Рейман, Кронин;2266;2905;22
Аналоговые интерфейсы микроконтроллеров;Болл Стюарт Р.;1228;2233;45
Анализ сетей (графов) в среде R. Руководство пользователя;Люк Дуглас А.;1612;2930;45
Основы проектирования в Autodesk Inventor 2016;Зиновьев Дмитрий Валериевич;613;1115;45
Bootstrap в примерах;Морето Сильвио;1074;1953;45
Изучай Haskell во имя добра!;Липовача Миран;1382;2513;45
Matlab & Simulink. Проектирование мехатронных систем на ПК. Учебное пособие для ВУЗов + CD;Герман-Галкин Сергей Германович;413;750;45
10 практических устройств на AVR-микроконтроллерах. Книга 2 +CD;Кравченко Алексей Владимирович;362;658;45
Вычислительная геометрия. Алгоритмы и приложения;Де, Чеонг, Ван;2456;4466;45
Разработка веб-приложений в ReactJS;Хортон, Вайс;1382;2513;45
Введение в статистическое обучение с примерами на языке R;Джеймс, Уиттон, Тибширани;2303;4187;45
Современное программирование с нуля!;Потопахин Виталий Валерьевич;537;976;45
Android NDK. Руководство для начинающих;Ретабоуил Сильвен;1538;2797;45
Скрапинг веб-сайтов с помощью Python. Сбор данных из современного интернета;Митчелл Райан;1305;2372;45
PIC-микроконтроллеры: архитектура и программирование;Предко Майкл;1382;2513;45
Управление электронными устройствами на С++. Разработка практических приложений;Катупития, Бентли;1688;3069;45
C# 6.0. Справочник. Полное описание языка;Албахари, Албахари;3746;6810;45
Искусство автономного тестирования с примерами на С#;Ошероув Рой;1688;3069;45
Графовые базы данных. Новые возможности для работы;Робинсон, Вебер, Эифрем;1151;2093;45
Руководство по микропроцессорному обеспечению;-;1074;1953;45
Программирование компьютерного зрения на языке Python;Солем Ян Эрик;1382;2513;45
UML Проектирование систем реального времени, распределенных и параллельных приложений;Гома Хассан;1919;3489;45
Периферийные устройства: интерфейсы, схемотехника, программирование;Авдеев Вадим Александрович;1382;2513;45
R в действии. Анализ и визуализация данных на языке R;Кабаков Роберт И.;1536;2793;45
Анализ больших наборов данных;Лесковец, Ульман, Раджараман;1842;3349;45
Построение компиляторов;Вирт Никлаус;767;1395;45
MATLAB. Теория и практика;Гилат Амос;1842;3349;45
Численные методы анализа и линейной алгебры. Использование Matlab и Scilab. Учебное пособие;Квасов Борис Ильич;2141;2141;0
Введение в надежное и безопасное распределенное программирование;Качина, Гуерру, Родригес;1995;3628;45
C# 6.0. Карманный справочник;Албахари, Албахари;592;1077;45
Введение в ECMAScript 6;Прасти Нараян;767;1395;45
Программирование мобильных устройств на платформе .Net Compact Framework;Самре Иво;690;1255;45
Разработка приложений для iPhone, iPad и iPod touch с использованием iOS SDK;Марк, Наттинг, Ламарш;1478;2688;45
Silverlight 5 с примерами на C# для профессионалов;Мак-Дональд Мэтью;1775;3227;45
Java SE 8. Вводный курс;Хорстманн Кей С.;887;1613;45
Joomla! Для профессионалов;Рамел Дэн;1478;2688;45
Microsoft Exchange Server 2013. Полное руководство;Моримото, Ноэл, Ярдени;2958;5378;45
WinRT. программирование на C# для профессионалов;Рихтер, ван;1478;2688;45
Руководство для программиста на Java. 75 рекомендаций по написанию надежных и защищенных программ;Лонг, Мохиндра, Сикорд;789;1435;45
Drupal 7. Руководство пользователя;Колисниченко Денис Николаевич;296;539;45
Joomla 2.5. Руководство пользователя;Колисниченко Денис Николаевич;493;896;45
C# 5.0 и платформа .NET 4.5 для профессионалов;Глинн, Нейгел, Ивьен;2268;4123;45
Python на практике;Саммерфилд Марк;1228;2233;45
Линейное программирование. Руководство к решению задач;Лунгу Константин Никитович;217;394;45
Поисковая адаптация. Теория и практика;Курейчик, Лебедев, Лебедев;472;858;45
Компьютерное моделирование логических процессов. Архитектура и язык решателя задач;Подколзин Александр Сергеевич;1220;2218;45
Дизайн и эволюция языка С++;Страуструп Бьерн;1151;2093;45
Обработка естественного языка на Java;Риз Ричард;1074;1953;45
Теория вычислений для программистов;Стюарт Том;1228;2233;45
Алгоритмы и структуры данных. Новая версия для Оберона;Вирт Никлаус;997;1813;45
Язык программирования C++. Лекции и упражнения;Прата Стивен;5914;10752;45
C++ для чайников;Дэвис Стефан Рэнди;1478;2688;45
Программирование командных оболочек в Unix, Linux и OS X;Кочан, Вуд;2958;5378;45
Рефакторинг. Улучшение проекта существующего кода;Бек, Фаулер, Брант;3746;6810;45
Изучаем программирование на Python;Бэрри Пол;1590;2178;27
Семь баз данных за семь недель. Введение в современные базы данных и идеологию NoSQL;Редмонд, Уилсон;1382;2513;45
jQuery в действии;Бибо, Кац, Де;1415;1814;22
Шаблоны проектирования Node.JS;Касиаро, Маммино;1765;3209;45
Vulkan. Руководство разработчика;Селлерс, Кессенич;1459;2652;45
Среда динамического моделирования технических систем SimInTech. Практикум по моделированию систем;Карташов, Козлов, Шабаев;1842;3349;45
Алгоритмы. Справочник с примерами на C, C++, Java и Python;Хайнеман, Поллис, Селков;2958;5378;45
Изучаем JavaScript. Руководство по созданию современных веб-сайтов;Браун Этан;2268;4123;45
Изучаем OpenCV 3;Кэлер, Брэдски;3378;6141;45
Семь языков за семь недель. Практическое руководство по изучению языков программирования;Тейт Брюс;1305;2372;45
Программирование на Java для начинающих;Васильев Алексей Николаевич;1062;1455;27
Javascript и jQuery. Интерактивная веб-разработка;Дакетт Джон;2165;2966;27
Предметно-ориентированное проектирование. Самое основное;Вернон Вон;2268;4123;45
Введение в Elixir. Введение в функциональное программирование;Сенлорен, Эйзенберг;1074;1953;45
Как самому написать мобильную 2D-игру;Язев Юрий Евгеньевич;845;1537;45
Python и машинное обучение;Рашка Себастьян;2303;4187;45
Проектирование пользовательского интерфейса в Android;Клифтон Ян;1536;2793;45
Прикладная криптография. Протоколы, алгоритмы и исходный код на C;Шнайер Брюс;7392;13440;45
ASP.NET Core MVC с примерами на C# для профессионалов;Фримен Адам;5224;9498;45
Стек, или Путешествие туда и обратно;Вторников Алексей Анатольевич;691;1256;45
Реактивное программирование с использованием RxJava;Нуркевич, Кристенсен;1459;2652;45
Изучаем PHP 7. Руководство по созданию интерактивных веб-сайтов;Скляр Дэвид;2958;5378;45
Не заставляйте меня думать. Веб-юзабилити и здравый смысл;Круг Стив;856;1172;27
Go на практике;Батчер, Фарина;1382;2513;45
Использование Docker;Моуэт Эдриен;1525;2772;45
Методы разработки математических моделей и вычислительный эксперимент на базе пакета MATLAB;Плохотников Константин Эдуардович;1434;2607;45
Цифровая обработка сигналов на языке Python;Дауни Аллен Б.;613;1115;45
Программирование на C++ в примерах и задачах;Васильев Алексей Николаевич;777;1064;27
Cassandra. Полное руководство;Карпентер, Хьюитт;1459;2652;45
Изучаем Angular 2;Дилеман Пабло;1074;1953;45
Разработка обслуживаемых программ на языке C#;Виссер Джуст;997;1813;45
Разработка обслуживаемых программ на языке Java;Виссер Джуст;997;1813;45
XBRL для чайников;Хоффман, Уотсон;2268;4123;45
Разработка геоприложений на языке Python;Вестра Эрик;1688;3069;45
Инженерия требований;Халл, Джексон, Дик;1382;2513;45
Программирование PIC - микроконтроллеров на PicBasic;Хелибайк Чак;691;1256;45
Введение в современные САПР. Курс лекций;Малюх Владимир Николаевич;537;976;45
Функциональное программирование на F#;Сошников Дмитрий Валерьевич;845;1536;45
Скользкие места С++. Как избежать проблем  при проектировании и компиляции ваших программ;Дьюхэрст Стефан К.;845;1536;45
Программируем микрокомпьютер NXT в LabVIEW;Белиовская, Белиовский;515;936;45
Dart в действии;Баккет Крис;1612;2930;45
MATLAB. Полный самоучитель;Дьяконов Владимир Павлович;2303;4187;45
С для программистов с введением в С11;Дейтел, Дейтел;1612;2930;45
Параллельное и конкурентное программирование на Haskell;Марлоу Саймон;1228;2233;45
Практическое использование Common Lisp;Сайбель Питер;1842;3349;45
Сбор данных в Интернете на языке R;Храмов Дмитрий Александрович;997;1813;45
Программирование микроконтроллеров. Стратегия и тактика;Матюшин Андрей Олегович;1688;3069;45
Ruby on Rails для начинающих. Изучаем разработку веб-приложений на основе Rails;Хартл Майкл;1995;3628;45
Программирование и отладка С/С++ приложений для микроконтроллеров ARM;Магда Юрий Степанович;691;1256;45
Эффективное использование С++. 55 верных способов улучшить структуру и код ваших программ;Мэйерс Скотт;1074;1953;45
Assembler. Для DOS, Windows и Unix;Зубков Сергей Владимирович;1536;2793;45
Лямбда-выражения в Java 8. Функциональное программирование - в массы;Уорбэртон Ричард;921;1674;45
Системная инженерия. Принципы и практика;Косяков, Свит, Сеймур;2149;3908;45
Оптимизация приложений на платформе .Net;Голдштейн, Зурбалев, Флатов;2000;3636;45
Интерфейс. Основы проектирования взаимодействия;Купер, Рейман, Кронин;2266;2905;22
Аналоговые интерфейсы микроконтроллеров;Болл Стюарт Р.;1228;2233;45
Автоматизированные информационно-управляющие системы с применением SCADA-системы TRACE MODE;Пьявченко Тамила Алексеевна;2621;2621;0
ATDD. Разработка программного обеспечения через приемочные тесты. Практический подход;Гэртнер Маркус;997;1813;45
Читаем Тьюринга. Путешествие по исторической статье Тьюринга о вычислимости и машинах Тьюринга;Петцольд Чарльз;1536;2793;45
Шейдеры и эффекты в Unity. Книга рецептов;Ламмерс Кенни;1151;2093;45
JavaScript и jQuery. Исчерпывающее руководство;Макфарланд Дэвид;1772;2427;27
Полезное программирование. Уникальное руководство;Комлев Николай Юрьевич;768;1397;45
Visual FoxPro 9.0. Учебный курс;Мусина Т.В.;465;845;45
MATLAB и SIMULINK для радиоинженеров;Дьяконов Владимир Павлович;1995;3628;45
Справочник по языку Haskell;Душкин Роман Викторович;997;1813;45
Программирование на ассемблере на платформе x86-64;Аблязов Руслан Зуфярович;1305;2372;45
Семантический веб;Антониоу, Грос, Хоекстра;921;1674;45
Функциональное программирование на языке Haskell;Душкин Роман Викторович;1074;1953;45
Программирование на языке Go. Разработка приложений XXI века;Саммерфильд Марк;1688;3069;45
Разработка программного обеспечения: управление изменениями;Белладжио, Миллиган;639;1162;45
От математики к обобщенному программированию;Степанов, Роуз;1382;2513;45
Изучаем программирование на JavaScript;Фримен, Робсон;2594;3325;22
Путь Ruby;Фултон, Арко;2149;3908;45
Изучаем Spark;Карау, Конвински, Венделл;1305;2372;45
Статистический анализ и визуализация данных с помощью R;Мастицкий, Шитиков;1536;2793;45
LLVM. Инфраструктура для разработки компиляторов;Кардос, Аулер;1305;2372;45
OpenGL ES 3.0. Руководство разработчика;Гинсбург, Пурномо;1995;3628;45
Современный Фортран на практике;Маркус Арьен;1151;2093;45
Квантовые вычисления и функциональное программирование;Душкин Роман Викторович;845;1536;45
Создание облачных и мобильных приложений на языке F#;Мол Дэниел;613;1115;45
Проектирование на ПЛИС. Архитектура, средства и методы. Курс молодого бойца;Максфилд Клайв;1536;2793;45
Программирование микроконтроллеров ATMEL на языке C;Прокопенко Вадим Сергеевич;774;1408;45
Семь моделей конкуренции и параллелизма за семь недель;Батчер Пол;1382;2513;45
Адаптивные и инвариантные алгоритмы обнаружения объектов на изображениях и их моделирование в Matla;Волков Владимир Юрьевич;1640;1640;0
Дневник охотника за ошибками. Путешествие через джунгли проблем безопасности программного обеспеч.;Клейн Тобиас;1228;2233;45
Введение в UML от создателей языка;Рамбо, Якобсон, Буч;1382;2513;45
Технологии программирования на Java 2. Распределенные приложения;Дейтел, Дейтел, Сантри;515;937;45
Silverlight 4. Создание насыщенных Web-приложений;Байдачный Сергей Сергеевич;406;739;45
EJB 3 в действии;Панда, Рахман, Купрак;1536;2793;45
Обработка неструктурированных текстов. Поиск, организация и манипулирование;Ингерсолл, Иортон, Фэррис;1151;2093;45
Жемчужины проектирования алгоритмов. Функциональный подход. С примерами на языке Haskell;Бёрд Ричард;1305;2372;45
Программирование в Delphi для Windows: Версии 2006, 2007, Turbo Delphi (+СD);Архангельский Алексей Яковлевич;1032;1876;45
Практика программирования на языке Паскаль. Задачи и решения;Медведик Владимир Иванович;1536;2793;45
Методы обработки и распознавания изображений лиц в задачах биометрии;Кухарев, Каменская, Матвеев;1257;1257;0
Эффективные технологии создания информационных систем;Мещеряков, Иванов;601;601;0
Введение в теорию языков программирования;Довек, Леви;613;1115;45
Spring в действии;Уоллс Крейг;1839;3344;45
Программирование на языке OCaml;Мински, Мадхавапедди, Хикки;1536;2793;45
CUDA Fortran для инженеров и научных работников. Рекомендации по эффективному программированию;Рутш, Фатика;921;1674;45
Платформа Windows Azure;Редкар, Тони;1228;2233;45
"За пределами ""Linux с нуля"". Версия 7.4. Том 2";-;1228;2233;45
.NET Сетевое программирование;Кумар, Кровчик, Лагари;962;1749;45
Редкая профессия;Зуев Евгений Александрович;460;836;45
Моделирование электротехнических устройств в MATLAB. SimPowerSystems и Simulink;Черных Илья Викторович;613;1115;45
Java. Эффективное программирование;Блох Джошуа;850;1546;45
LabVIEW. Практический курс для инженеров и разработчиков;Магда Юрий Степанович;767;1395;45
Принципы построения, применения и проектирования компьютерной платформы U-SYS;Росляков, Крылов;245;445;45
Разработка приложений Java EE 6 в NetBeans 7;Хеффельфингер Дэвид;921;1674;45
Курс практического программирования в Delphi. Объектно – ориентированное программирование. Практикум;Санников Е. В.;641;1165;45
Оптимизация производительности приложений для iOS. Для профессионалов;Во Ханг;704;1280;45
Структуры данных и алгоритмы в Java. Классика Computers Science;Лафоре Роберт;2830;3628;22
Создание web-приложений в Silverlight;Буньон Лоран;573;1042;45
С++ для начинающих;Шилдт Герберт;974;1770;45
Профессиональное программирование приложений для iPhone и iPad;Баклин Джин;1010;1384;27
Silverlight. Практическое руководство;Браун Пит;1399;1793;22
PHP. Создание динамических страниц;Пауэрс Дэвид;1135;1555;27
Изучаем Java;Сьерра, Бейтс;1590;2178;27
1С: Предприятие 8.2. Коротко о главном. Новые возможности версии 8.2 (+CD);Радченко Максим Григорьевич;191;347;45
"Как настраивать ""1С: Предприятие 8.2"" при внедрении +СD";Ажеронок Валентин Александрович;185;336;45
Macromedia Authorware 6.0. Разработка мультимедийных учебных курсов;Гультяев Алексей Константинович;228;414;45
Руководство разработчика по Microsoft Enterprise Library;Хоумер, Ботто, Мельник;516;938;45
Silverlight 2. Технология создания интернет-приложений;Буньон Лоран;460;837;45
